Gene Name,Annotation,Probe Name,ctrl CD4 LN 35147,ctrl CD4 LN 35595,ctrl CD4 LN 35143,ctrl CD4 LN 35599,ctrl CD4 LN 35603,ctrl CD8 LN 35599,ctrl CD8 LN 35595,ctrl CD8 LN 35601,ctrl CD8 LN 35143,ctrl CD8 LN 35147,ctrl CD4 THY 35598,ctrl CD4 THY 35660,ctrl CD4 THY 35596,ctrl CD8 THY 35596,case CD4 LN 35788,case CD4 LN 37429,case CD4 LN 39350,case CD4 BL 37696,case CD4 BL 40695,case CD4 BL 36398,case CD4 BL 38495,case CD4 BL 39310,case CD4 BL 36722,case CD4 BL 39465,case CD8 LN 37564,case CD8 LN 39428,case CD8 LN 38310,case CD8 LN 38989,case CD8 LN 39210,case CD8 LN 39726,case CD8 BL 41636,case CD8 BL 37657,case CD8 BL 36764,case CD8 BL 39504,case CD8 BL 42286,case CD8 BL 38890,case CD8 BL 38306,case 4n8n LN 36284,case 4n8n LN 38360,case 4n8n LN 38526,case 4n8n  BL 36241,case 4n8n BL 36393,case 4n8n BL 37445,case 4n8n BL 38000,case 4n8n BL 38104,case 4n8n BL 39346,case 4n8n BL 42188,case 4n8n BL 39468,
,,,20150826_206461150317_35147 cCD4_11.RCC,20150901_206461060317_35595 cCD4_11.RCC,20150903_206461070317_35143 cCD4_05.RCC,20150902_206461080317_35599 cCD4_11.RCC,20150902_206461080317_35603 cCD4_12.RCC,20150903_206461070317_35599 cCD8_10.RCC,20150902_206461080317_35595 cCD8_04.RCC,20150903_206461070317_35601 cCD8_11.RCC,20150903_206461070317_35143 cCD8_06.RCC,20150826_206461150317_35147 cCD8_12.RCC,20150903_206461070317_35598 ctCD4_09.RCC,20150903_206461070317_35660 ctCD4_12.RCC,20150903_206461070317_35596 ctCD4_07.RCC,20150903_206461070317_35596 ctCD8_08.RCC,20150826_206461150317_35788 CD4_01.RCC,20150901_206461060317_37429 CD4_01.RCC,20150902_206461080317_39350 CD4 RR_03.RCC,20150901_206461060317_37696 CD4_02.RCC,20150902_206461080317_40695 CD4_08.RCC,20150826_206461150317_36398 CD4_05.RCC,20150901_206461060317_38495 CD4_08.RCC,20150903_206461070317_39310 CD4_01.RCC,20150826_206461150317_36722 CD4_06.RCC,20150902_206461080317_39465 CD4_06.RCC,20150826_206461150317_37564 CD8_09.RCC,20150902_206461080317_39428 CD8_05.RCC,20150901_206461060317_38310 CD8_06.RCC,20150902_206461080317_38989 CD8 RR_01.RCC,20150902_206461080317_39210 CD8_02.RCC,20150902_206461080317_39726 CD8_07.RCC,20150902_206461080317_41636 CD8_09.RCC,20150826_206461150317_37657 CD8_10.RCC,20150826_206461150317_36764 CD8_07.RCC,20150903_206461070317_39504 CD8_03.RCC,20150903_206461070317_42286 CD8_04.RCC,20150901_206461060317_38890 CD8_10.RCC,20150901_206461060317_38306 CD8_05.RCC,20150826_206461150317_36284 4n8n_03.RCC,20150901_206461060317_38360 4n8n_07.RCC,20150901_206461060317_38526 4n8n_09.RCC,20150826_206461150317_36241 4n8n_02.RCC,20150826_206461150317_36393 4n8n_04.RCC,20150826_206461150317_37445 4n8n_08.RCC,20150901_206461060317_38000 4n8n_03.RCC,20150901_206461060317_38104 4n8nRR_04.RCC,20150901_206461060317_39346 4n8n__12.RCC,20150902_206461080317_42188 4n8n_10.RCC,20150903_206461070317_39468 4-8-_02.RCC,
,,,ctrl,ctrl,ctrl,ctrl,ctrl,ctrl,ctrl,ctrl,ctrl,ctrl,ctrl,ctrl,ctrl,ctrl,case,case,case,case,case,case,case,case,case,case,case,case,case,case,case,case,case,case,case,case,case,case,case,case,case,case,case,case,case,case,case,case,case,case,
,,,,,,,,,,,,,,,,,,,,,,,,,,,,,,,,,,,,,,,,,,,,,,,,,,,
A2A,,,28,32,27,35,47,145,99,76,122,82,115,109,79,165,144,73,298,573,327,130,158,493,271,232,183,305,155,390,162,77,284,305,71,198,163,68,222,693,243,192,34,92,179,51,257,103,326,698,
ACTN1,,,855,1356,1179,1209,906,1153,1238,967,843,1102,733,983,980,990,146,2191,505,2733,1656,1525,819,1524,2158,1662,990,1850,1843,1387,1130,1975,2048,1458,2054,1851,1469,2070,913,960,930,1150,1070,906,1713,1312,1143,2143,1232,1985,
ACVR1C,eCD8,,12,1,1,5,17,14,5,4,4,9,1,1,1,1,5,14,19,2,1,6,2,1,1,31,3,8,1,19,7,1,2,1,4,4,1,5,1,1,1,4,1,2,5,7,7,18,5,3,
ADAM12,Th17,,26,40,45,31,18,6,8,8,11,2,93,181,106,509,15,17,8,3,1,3,2,2,3,1,2,60,1,17,19,1,2,15,3,5,1,3,1,10,1,1,1,1,1,1,5,1,1,1,
AKAP2,Treg,,19,63,26,31,38,22,38,15,15,3,683,1299,768,1247,245,229,52,117,8,1,3,16,11,1,56,115,6,130,19,4,8,117,5,10,1,1,2,1,1,10,15,4,8,1,1,1,14,85,
ATP1B1,Th17,,210,529,290,822,523,2904,1995,1832,1294,1297,2608,2724,1941,3425,456,79,512,2137,474,343,98,2101,817,220,1373,236,50,72,43,24,323,41,1192,1280,1119,746,2142,27,39,1,553,1365,1335,207,389,1293,62,474,
BCAT1,Tfh,,1250,988,1396,1008,1047,1043,897,1162,1297,1297,861,1228,990,1147,872,313,1276,968,863,1136,1,188,162,6,2188,228,1067,1403,469,233,1029,535,71,57,825,86,1096,2243,836,185,188,191,116,220,1432,1406,1453,390,
BHLHB2,Treg,,2851,2191,2967,1571,1184,1343,1822,1742,2034,1464,2107,2569,2132,1706,3209,5618,2878,3689,3610,14962,5883,2727,4620,6349,779,5470,3019,2493,21933,6589,2704,3155,4105,3889,7379,2660,7649,7426,6655,8644,3913,25491,2763,5170,3682,5128,2188,3711,
BcL-6,Tfh,,1384,795,1171,817,791,797,729,669,1038,1243,965,1379,926,1586,801,489,628,432,288,1994,5524,980,542,270,395,541,288,576,3345,228,456,323,544,1053,2808,738,585,401,1287,1962,457,2380,390,1532,215,585,1066,410,
CCL4,eCD8,,203,53,984,68,166,1038,2326,596,6025,1770,131,74,73,893,362,99,76,20,22,22,32,11,33,34,64,95,8,50,29,17,21,16,18,73,8,14,21,21,21,15,38,71,27,17,26,16,195,45,
CCL5,eCD8,,204,31,1057,51,192,1687,1592,855,22565,4333,105,70,58,2437,329,369,144,3,7,1,1,8,5,1,10,152,3,43,30,1,16,15,19,40,1,3,8,1,1,4,19,95,5,1,2,52,519,34,
CCR10,Treg,,5,1,1,1,1,1,1,2,1,4,1,1,1,1,1,5,5,1,1,1,1,1,1,1,4,1,1,2,5,1,2,1,1,1,1,1,1,5,1,1,1,1,1,4,5,4,1,1,
CCR3,Th2,,12,7,9,7,1,3,4,2,9,1,1,1,1,1,1,35,29,68,2,25,2,71,43,5,26,6,1,52,33,1,11,2,52,177,43,6,50,8,1,9,78,65,17,6,1,53,444,20,
CCR4,Th2,,409,212,518,338,315,75,28,58,78,31,1465,1132,1180,252,442,5443,268,991,1255,472,529,176,3523,1390,5,4629,4541,704,817,4101,994,3346,612,256,249,3484,160,4485,1118,1197,1952,431,787,673,2001,491,433,1351,
CCR5,Treg,,881,168,1098,312,374,230,240,407,3248,966,145,89,149,193,441,125,116,231,64,94,33,155,57,65,1216,386,1608,161,372,340,26,77,132,94,24,107,194,90,62,96,40,30,30,20,43,15,26,65,
CCR6,Th2, Th17,23,9,17,13,14,12,5,65,87,7,8,44,16,12,45,22,35,1,22,4,7,29,163,7,19,25,24,21,22,16,64,21,55,18,10,28,14,16,20,35,20,9,29,17,1,11,11,3.58,
CCR7,nCD8,,12206,26065,11493,22064,24627,19747,23158,22498,6772,11772,18002,18084,17258,17800,5265,9113,11644,6849,10264,7384,3896,17134,3473,1244,16283,18303,8381,4597,8498,9808,4104,5225,7976,5994,1512,18357,5911,5070,2956,3665,10708,4311,6333,20033,5295,11065,2754,2786,
CD160,eCD8,,27,5,33,1,5,678,641,226,869,574,21,16,15,148,80,4,30,1,1,2,1,1,1,1,1474,44,1,15,1,1,1,1,1,1,1,1,85,1,4,1,1,1,1,1,1,1,8,1,
CD19,,,11,31,11,1,7,3,29,2,9,2,3,5,6,7,235,136,27,29,1,1,1,4,1,2,8,57,13,76,8,5,6,83,5,5,1,1,2,1,1,8,7,4,1,1,1,1,10,14,
CD244,NK,,112,75,85,75,40,237,245,183,1183,419,47,56,62,194,448,45,23,39,62,46,35,34,22,47,1069,22,63,37,14,11,38,20,13,34,20,29,108,32,22,20,19,9,10,21,19,4,81,54,
CD25-IL2RA,Treg,,599,1443,591,1460,1488,62,112,64,274,157,1044,1098,1042,91,214,1430,384,1131,1607,3083,1155,218,1602,2597,17,2377,1273,888,2621,1611,1260,1640,1097,594,596,2247,279,3456,899,523,892,1317,456,344,1780,945,1129,1850,
CD28,nCD8,,8773,8586,9862,6217,7347,2855,3209,2705,4881,4990,11168,10357,11159,7703,5505,7345,8674,8137,7033,11520,18887,6490,4355,4446,3593,7300,7611,6524,16673,5704,5271,5498,6404,8258,9581,8014,7445,6901,6970,6650,7294,9355,6245,7077,6531,1876,4554,5425,
CD3e,,,54601,41683,44675,51360,54062,52678,45212,46345,41837,47597,69891,68691,63806,55003,40399,36647,35854,27525,41449,47510,25791,25752,29209,31296,33697,42474,38329,33143,50205,50039,39691,44626,32456,29889,29350,39906,33758,35847,46695,55740,33674,20432,31651,25967,37321,25691,31098,25850,
CD3g,,,20244,11107,17968,13017,14476,12413,10055,10203,16691,16714,18866,17480,17042,11975,18443,16540,12565,12275,16328,13328,6482,9785,11970,13571,10007,14130,17769,11497,21185,18955,14950,17441,13051,10017,5731,14442,11014,13345,18540,22646,12102,4898,9235,10121,14365,7369,15025,10232,
CD4,,,5187,3303,4455,3414,3558,4,9,1,31,1,4239,4661,3407,132,5325,2686,3761,4308,1642,2316,1652,5498,2156,2668,11,190,1,145,1,109,108,14,405,72,31,20,1,125,977,16,131,4,20,1,45,110,4404,24,
CD63,eCD8,,4748,2835,4335,3025,3512,3512,3685,3303,5716,5506,2408,2726,2828,3553,4910,5069,3602,5471,3994,6170,3814,4980,5460,4657,5976,6407,4992,5210,5771,5090,4635,5545,4786,4763,3416,4891,4961,5439,5222,4892,3785,3044,3489,3685,4681,6228,5615,4180,
CD81,dTreg,,2536,2155,2415,2226,2050,1273,1391,1119,1624,1328,2375,2502,2429,2032,2398,2424,2223,2499,1905,1862,1707,2127,1822,1571,1425,1343,2268,1379,2835,2111,433,2389,2146,2817,1005,1544,2302,2536,2371,2883,2641,856,2338,1383,1961,2307,2163,1775,
CD8a,,,53,47,37,73,38,18395,15442,15258,33837,23801,854,1408,1047,15307,628,174,126,21,3211,23,12,34,133,14,30008,20781,26197,21340,15336,26718,17910,20194,17260,18013,11959,21674,21749,644,529,465,41,22,240,19,2119,24,181,16,
CD8b,,,20,52,27,58,52,11818,7667,8478,17012,16691,761,2252,1446,13417,478,107,101,1841,2682,241,3,15,278,18,27764,2852,24,11755,7099,16837,7390,10150,4360,21728,23741,10333,19856,251,252,33,328,633,364,9,2596,26,40,12,
CDK5R1,Tfh,,341,336,265,413,462,161,137,114,151,139,286,131,234,108,102,83,79,30,97,61,71,24,94,77,123,126,47,129,56,49,67,72,54,116,83,79,166,166,94,138,34,93,74,55,84,143,73,141,
CEBPA,Treg, Tfh,,2,154,17,120,18,4,13,106,87,1,2,1,31,1,157,1,63,1,12,8,14,2,102,1,74,1,165,51,1,1,10,19,9,18,1,1,9,1,1,75,20,17,8,1,1,1,64,1.09
CHN1,Th17,,30,52,36,47,68,24,28,31,25,18,227,374,187,447,14,59,48,8,25,21,15,12,20,26,20,41,16,64,22,29,24,12,14,18,19,8,16,17,7,9,4,27,20,12,25,11,21,25,
CNOT2,dTreg,,495,582,485,499,553,505,534,548,484,466,651,645,654,694,225,380,310,290,314,670,824,312,382,349,295,335,370,344,254,303,251,334,284,378,847,330,275,409,224,218,354,953,619,398,391,408,245,361,
CR2,,,847,716,988,515,528,17,57,11,62,62,111,56,149,8,2629,2103,1545,1307,650,557,5,433,493,26,51,1016,931,1131,774,1419,731,3980,1594,164,242,2177,426,1728,806,1418,2336,205,173,1036,1079,560,776,638,
CRLF3,nCD8,,2753,2968,2805,2607,2797,3067,2724,2728,2658,2602,3344,3308,3266,3351,1855,1913,2171,2206,2900,2028,871,2182,1870,1701,2336,1365,1719,2137,1221,1667,2358,2040,3088,2033,2282,2946,2159,1870,1966,1595,2530,1038,1513,1644,2410,2271,2337,1877,
CRTh2,Th2,,15,13,2,22,32,18,10,15,9,9,14,12,16,6,14,289,18,16,77,36,531,41,301,328,12,50,256,74,76,301,37,35,82,61,20,68,22,411,56,60,22,63,730,300,184,71,104,122,
CSF2,,,4,1,8,1,7,11,11,2,1,1,1,1,1,2,3,13,12,1,1,15,1,1,1,1,2,5,1,37,8,1,1,1,1,1,1,1,1,1,1,1,1,1,1,1,1,1,1,1,
CTLA4,Treg,,3366,9348,4497,5445,5375,1449,2417,2076,1234,1917,2928,5351,3906,1275,883,235,351,89,58,1048,51,241,1317,71,108,173,16,138,30,18,34,33,15,34,18,11,57,133,152,130,28,31,28,195,31,954,136,146,
CTSH,Th17,,3762,5422,4126,6990,5865,5015,5196,5387,3616,3703,3612,4051,4168,3617,4728,4958,4169,3848,3575,4385,4591,3812,3799,4017,3465,2892,3982,3851,5915,4800,4135,3943,4163,3523,3178,3914,4967,4389,4029,4016,3924,4869,3344,5048,3867,4462,5702,2977,
CXCL13,Tfh,,150,17,67,33,100,9,9,11,7,2,1,1,1,1,107,60,19,3,1,1,5,1,4,1,2,110,4,23,17,2,1,212,1,1,1,1,1,6,3,11,9,1,1,1,3,2,2,2,
CXCL14,Tfh,,10,8,2,8,14,9,5,9,8,3,5,7,9,7,15,56,16,2,5,9,1,4,5,1,2,66,5,46,9,1,8,8,5,1,1,4,10,5,1,1,10,5,1,1,1,1,1,5,
CXCR3,Th1,,1030,158,959,201,263,314,325,224,1062,1007,135,106,164,148,954,673,1100,618,33,15,11,477,21,15,729,37,909,566,11,218,80,9,3,7,29,9,286,26,29,20,7,9,11,3,19,17,12,10,
CXCR4,Th2,,4512,32438,6137,16911,13826,22922,42039,32820,5202,3850,14737,38170,22869,34225,29771,4061,8162,2166,5895,82510,66731,2840,14975,33172,2827,4137,745,3372,7194,8168,5440,1411,1444,31442,18722,5211,4730,2887,30258,11607,8931,31783,21394,54726,1120,15827,14970,4898,
CXCR5,Tfh,,1229,478,1058,503,503,70,109,100,88,114,162,115,197,60,222,169,90,48,48,55,55,41,55,40,42,124,51,184,80,66,53,148,51,30,32,59,61,59,62,93,51,82,66,63,61,58,60,42,
DGKA,dTreg,,9390,7529,8667,6720,6694,6547,5688,6466,5362,6893,6274,6547,5965,6060,3909,4916,5662,5339,4508,2817,1965,3679,4426,4803,2953,7655,5384,4500,3109,4603,4480,4488,4608,3731,2744,5885,3910,4685,2959,3626,4833,2020,4077,3049,5713,4166,4103,5232,
EOMES,,,237,50,348,87,401,2081,2004,1346,6160,2775,127,73,56,653,159,139,128,143,39,12,44,56,71,61,781,469,41,111,41,33,104,29,26,59,8,26,498,37,21,13,14,11,14,31,18,50,87,72,
EPSTI1,Treg,,465,529,531,635,497,491,560,416,560,543,403,454,520,446,1415,955,909,738,793,1010,497,571,490,409,582,714,671,858,1460,1020,551,870,623,382,466,595,536,885,880,846,500,397,541,647,762,633,774,390,
FAS,,,566,576,586,584,660,121,188,145,438,225,195,280,375,111,676,280,623,689,646,994,730,644,743,473,223,355,240,273,1145,248,351,145,263,409,469,220,331,241,280,363,300,3136,478,231,200,518,845,304,
FASLG,,,363,171,553,195,243,154,210,221,2406,486,99,130,122,154,3763,967,487,540,929,584,305,1311,953,394,392,481,1400,1264,1965,865,638,1913,323,405,771,1271,540,1414,1610,1320,1375,1019,474,528,584,669,950,839,
FGFR2,Tfh,,1,10,1,1,15,12,16,9,9,1,1,1,3,3,8,22,22,3,1,4,1,1,6,1,7,5,9,43,19,1,1,7,2,1,2,1,3,9,5,1,6,10,6,12,4,2,1,1,
FGR,eCD8,,104,89,90,106,105,138,191,116,242,131,57,74,65,118,214,319,167,383,247,412,345,448,624,391,165,273,221,220,322,286,295,332,289,211,239,325,331,426,338,349,321,548,266,172,396,360,412,379,
FHIT,dTreg,,247,262,238,240,230,199,215,172,168,197,202,200,253,223,102,188,186,345,116,106,44,265,95,75,211,208,181,128,96,108,129,186,205,191,137,146,154,195,87,88,191,124,117,124,135,250,153,206,
FKBP5,Tfh,,5084,12419,3969,12226,12041,12578,10238,13408,2859,3321,14550,15593,14356,16213,3365,5702,5695,4384,3894,3058,7023,4976,4791,6035,3295,13141,3602,3476,2111,4123,4514,3280,3779,6489,2768,3163,7347,3987,3160,3214,5879,4070,13875,9616,3789,2958,5336,4182,
FOXP3,Treg,,102,115,136,104,134,11,9,2,23,23,105,83,107,6,15,12,16,6,1,10,1,1,2,1,4,8,1,11,9,1,2,8,1,10,7,1,5,1,4,5,2,2,2,1,2,16,5,1,
GATA3,Th2,,1508,1114,1434,1111,1168,418,453,456,680,524,2280,2393,2157,1655,1576,4358,1660,2987,2561,3303,4537,1856,5380,6033,802,2295,2709,1581,2348,3350,2426,3026,2252,1058,1663,2242,1492,5528,3484,3176,3681,4494,4412,4991,4203,2788,2005,4230,
GBP5,Treg,,2441,355,2618,427,417,326,156,141,2717,1880,231,187,305,115,783,1669,1107,2938,974,403,400,2813,1444,1872,3032,696,2642,828,480,780,699,1540,942,398,476,1777,2852,1912,261,307,1650,1308,225,201,1582,111,427,532,
GZMA,eCD8,,20,12,21,7,12,59,127,165,2530,201,25,12,20,110,56,16,36,41,12,10,11,3,26,11,11,81,11,26,21,13,20,5,11,45,14,15,3,4,13,13,19,7,9,4,7,4,115,51,
GZMB,eCD8,,1,1,1,1,1,88,154,103,3670,185,39,93,91,576,70,28,76,25,1,4,1,6,7,1,110,14,1,41,1,1,48,1,16,77,1,1,3,1,1,1,8,1,1,1,1,5,264,67,
GZMK,eCD8,,2831,781,4392,1792,3233,7552,7722,5676,23605,10780,806,202,536,3083,936,599,185,8,12,1,1,17,2,3,18191,602,2,95,3,1,11,12,4,27,1,1,2300,4,1,51,15,2,1,1,40,8,250,17,
HEY1,Tfh,,17,49,19,46,31,16,11,9,1,4,15,36,49,14,39,19,11,1,1,77,5,1,1,1,1,21,1,33,20,1,1,3,1,2,1,1,1,2,58,23,1,11,1,1,1,4,1,1,
HEYL,Tfh,,2,1,1,1,3,1,1,2,1,1,1,1,1,1,8,12,1,1,1,1,1,1,1,1,1,18,1,30,1,1,1,1,1,1,1,1,1,1,1,1,1,1,1,1,3,1,1,1,
HLA-DRB1,Treg,,14283,5816,12286,5377,6357,7090,9313,7289,17486,15784,3460,3274,4218,6008,13002,12350,15049,11728,12727,11029,5267,9778,9869,9114,10695,12872,9953,12583,11058,10396,10822,12938,8076,7869,4772,10980,12038,10891,7748,8998,10151,9386,6703,6228,10919,7641,10343,9439,
HLF,Th17,,129,58,135,47,60,18,15,9,26,23,26,28,28,25,30,226,106,315,44,502,492,22,197,399,36,277,323,103,189,169,76,114,184,96,80,135,139,400,139,67,97,1404,215,196,200,213,46,131,
HPGD,Th2,,1,1,1,1,1,1,4,2,1,1,1,1,1,1,8,30,17,39,4,15,1,190,5,1,14,57,1,30,14,1,4,5,70,39,24,1,57,2,1,1,70,51,4,7,1,30,6,106,
HPS3,eCD8,,193,209,216,201,211,304,288,316,270,265,266,256,248,302,134,100,164,121,131,201,58,113,117,71,167,141,112,114,30,73,70,71,145,133,107,74,116,84,93,89,155,62,119,69,89,177,235,119,
HRH4,Th17,,7,9,1,1,8,11,4,2,10,1,5,8,1,1,3,24,16,2,7,1,3,8,1,2,5,11,2,58,5,6,8,1,1,1,4,1,4,10,3,2,8,6,1,5,3,4,18,3,
ICA1,Tfh,,16,27,20,55,67,5,7,6,17,7,58,61,33,21,9,8,98,97,18,43,5,53,120,11,100,36,1,6,3,17,25,11,59,54,60,94,45,1,6,5,28,20,17,12,8,92,16,82,
ICOS,Tfh,,19222,13402,20245,13449,11417,4501,3406,2947,4501,5024,6823,4268,7363,3063,4750,3079,3616,2045,2928,3330,2471,3003,1864,4770,1017,1500,2028,3048,2752,1349,1526,2736,1075,2112,2500,4908,1136,6528,2241,2022,1908,2088,1293,3027,3745,397,1568,1613,
IFIT1,eCD8,,221,192,376,360,345,264,125,91,326,114,630,356,298,225,644,560,336,289,465,776,1562,136,312,497,249,849,893,350,3675,772,257,908,583,288,591,302,590,369,512,443,162,6369,346,1002,439,2505,331,231,
IFITM1,dTreg,,126,122,125,150,226,174,113,116,123,97,323,402,273,113,160,311,127,141,132,346,105,193,307,59,99,236,294,255,218,220,135,368,247,117,98,214,298,178,127,140,109,227,98,93,101,166,513,186,
IFNG,eCD8, Th1,,1,14,148,105,19,6,58,589,417,68,44,652,58,176,104,1,10,22,15,7,20,4,3,13,59,307,46,2,7,4,18,3,9,10,6,3,8,7,9,91,2,9,11,5,10,8,10,4.66
IFNGR1,eCD8,,2475,2391,2682,2406,2434,2000,2119,1577,2441,1742,1694,1596,1906,1671,3333,6115,3217,4361,2617,2585,2470,2994,5480,5978,1094,5598,8457,3741,1982,5266,3097,5057,3179,2638,3392,5717,3135,7677,1839,2637,3772,7497,3202,3391,4983,1671,2147,3161,
IL-31,Th2,,9,5,1,1,9,1,5,2,1,8,6,1,1,1,6,22,16,1,1,1,1,1,4,1,4,8,1,34,6,1,1,1,1,1,1,1,1,2,1,1,1,1,1,1,5,3,1,1,
IL10,Treg,,37,120,36,193,87,1,2,2,5,1,22,55,28,8,21,17,10,3,3,4,3,8,5,6,2,24,2,14,6,1,9,5,1,2,1,1,1,2,1,1,6,4,1,5,6,1,3,7,
IL10RA,eCD8,,1990,2187,1811,1700,1845,1414,2061,1494,1584,1202,1010,1087,1387,1400,5447,3375,3668,2312,2666,5545,12599,1942,2685,5019,1478,3192,3051,1801,6174,3620,2062,2940,2430,8246,2669,2327,5860,3230,9359,5811,2724,6815,8899,9064,2321,3002,2418,2268,
IL12-A,,,130,337,121,322,207,207,152,118,140,121,127,148,170,104,192,281,144,225,284,604,153,190,427,69,229,378,109,131,610,55,266,272,138,350,817,173,154,296,482,287,191,567,1801,1089,276,219,215,166,
IL12RB1,eCD8,,77,22,105,24,35,22,30,6,204,85,1,12,22,6,87,114,126,113,100,57,35,97,98,126,73,190,171,84,71,158,83,132,52,44,16,112,131,158,64,111,86,91,70,31,122,68,87,140,
IL13,Th2,,6,2,1,1,1,1,1,2,6,4,5,1,5,1,8,12,5,3,1,4,3,3,1,1,5,5,2,15,5,1,2,2,2,3,6,4,11,7,3,4,1,2,8,5,10,1,3,1,
IL16,,,7,2,1,1,15,43,23,4,22,8,5,4,4,14,5,27,20,4,6,2,1,3,9,9,17,111,21,67,30,23,13,15,15,15,17,6,7,8,1,4,1,4,7,4,8,4,5,7,
IL17A,Th17,,1,8,2,1,4,1,1,2,1,1,1,1,1,1,1,1,1,1,1,1,1,1,1,1,1,1,1,1,1,1,1,1,1,1,1,1,1,1,1,1,1,1,1,1,1,6,1,1,
IL17F,Th17,,19,32,101,9,13,3,15,2,1,1,2,3,1,1,8,18,18,1,6,1,1,1,1,1,1,8,1,35,1,1,4,1,1,1,1,1,8,1,4,5,1,5,4,7,1,1,3,1,
IL17RE,Th17,,37,55,45,38,51,33,26,17,6,4,54,43,22,25,15,21,24,110,45,171,24,25,87,48,9,341,7,29,229,13,10,6,27,21,8,74,14,56,23,15,8,167,26,49,18,32,8,101,
IL18R1,eCD8,,804,402,1127,377,365,28,88,85,931,335,378,468,533,69,332,224,1291,648,226,164,287,616,117,267,856,54,1,789,12,2,120,192,50,88,213,4,494,600,43,26,1000,1,190,131,688,861,712,652,
IL18RAP,eCD8,,67,72,166,111,88,43,71,69,349,96,46,43,69,44,705,58,1136,723,342,1014,939,587,67,135,354,30,21,648,726,8,476,223,98,567,898,1,1855,665,555,205,493,27,728,335,396,183,1160,843,
IL1RL2,dTreg,,3,7,3,8,18,17,12,2,4,1,6,12,13,1,1,29,44,6,8,11,6,7,3,10,10,20,1,73,9,5,9,8,1,9,12,4,1,2,2,1,3,1,5,1,1,8,14,3,
IL2,,,438,245,489,185,222,150,153,141,524,253,177,204,225,177,689,610,577,361,416,484,214,359,375,226,209,312,511,550,1220,767,319,579,483,555,215,511,359,574,1007,494,411,361,347,713,528,374,478,742,
IL21,Tfh,,452,294,424,255,162,10,8,1,16,20,7,13,24,6,32,30,19,5,5,4,9,8,21,9,12,21,2,43,16,15,15,7,7,11,9,17,17,11,12,5,2,21,10,3,7,10,2,14,
IL26,Th17, Th2,,1,15,11,17,13,4,11,18,15,10,13,12,17,16,21,32,7,15,5,7,13,11,9,2,19,4,21,21,9,6,10,8,6,20,11,1,8,2,14,9,1,1,6,5,7,17,2,12.27
IL27RA,nCD8,,4207,3518,4214,3707,3903,3723,3286,3339,3911,3593,4048,3707,3379,2962,3968,4967,3745,4494,4895,4667,3030,3662,5194,5641,3275,4105,3677,3269,3890,4196,4013,4509,3874,2445,2997,4680,3720,5896,3898,4910,4544,6210,4769,3516,5034,4870,3898,5122,
IL2RB,Treg,,3419,1537,3461,1799,1992,4921,3994,3331,6765,7000,1670,1926,1594,3559,3308,2096,905,620,487,5326,12153,363,909,2725,489,1940,473,713,8493,1021,480,432,370,1093,2408,650,861,2189,4176,4056,1007,4144,762,1195,1376,983,797,473,
IL2RG,nCD8,,13769,6426,13368,7951,7999,7146,5400,5160,9715,9941,14474,14417,12142,8138,13582,12203,12702,10293,11361,9562,4848,8530,9331,10841,8876,9317,13596,10947,11893,13170,8776,11977,10003,4507,2341,9833,6279,10652,11181,14074,10829,3901,6997,6274,10940,7683,7545,6514,
IL4,Th2,,22,23,7,116,47,3,3,2,1,1,1,1,1,1,81,37,22,1,1,1,1,1,1,1,1,5,4,47,22,1,1,1,1,1,1,1,1,15,1,4,1,43,5,3,1,6,1,1,
IL4R,nCD8,,1231,1311,1328,2000,1525,624,435,374,605,562,991,1110,987,282,1427,1030,1174,1145,1005,1358,715,659,1171,1025,775,960,1454,935,1526,819,800,792,1192,406,944,1793,690,920,731,1623,839,1536,742,1307,1049,1025,1001,436,
IL5,Th2,,2,18,7,23,7,20,24,9,6,5,9,11,18,11,20,17,22,18,13,10,36,19,13,25,12,26,6,21,72,8,13,8,8,12,10,1,34,19,23,11,10,169,32,15,20,34,8,19,
IL6,,,9,4,2,1,1,2,5,2,5,1,1,1,1,1,4,11,13,17,5,8,1,27,16,1,7,9,1,34,9,1,6,1,5,13,16,6,9,2,1,1,8,12,14,5,1,23,6,13,
IL6ST,nCD8,,1572,1328,1527,1350,1557,1100,628,813,1005,1078,1821,1569,1557,923,533,1590,698,776,617,482,363,520,843,882,435,1214,1601,680,255,930,482,1204,677,337,635,1132,494,916,371,359,1576,1024,632,824,863,333,339,476,
IL7R,nCD8,,21942,20328,28932,20005,24432,15937,12451,17931,17713,9629,19917,15629,18483,15361,10393,38916,33190,38532,40299,15574,10392,33145,42599,31620,39837,30631,15686,26521,5872,17989,27765,24796,20494,14662,10156,42800,20126,41184,10581,8107,34947,10914,24219,25519,45746,24293,20311,48772,
ITGA4,eCD8,,3311,2503,4232,2583,2262,2977,2627,2898,4117,2633,3595,3886,3310,4833,2764,218,5384,2727,3559,1091,3,159,542,6,5475,1473,12,2614,186,88,2289,989,1092,1748,1419,2262,98,27,793,877,211,17,2172,3,1614,1152,2385,2589,
ITGAD,,,10,21,11,12,19,437,426,183,625,69,5,1,1,19,22,79,76,12,5,16,1,4,17,1,54,61,4,93,22,1,22,1,14,49,7,8,5,10,4,5,8,5,2,7,4,10,191,52,
ITGAE,Th17,,28,76,44,61,86,2527,1678,1561,1761,2245,267,267,236,2060,75,47,27,28,153,246,11,16,53,2,1000,4292,430,12,12,34,227,18,36,23,20,179,614,25,27,16,23,5,14,28,57,88,16,24,
ITGAL,eCD8,,3783,1862,3434,1924,2338,2501,1835,1834,5258,4136,3954,3568,2900,3465,3213,3689,4128,2770,2319,2765,1482,2335,2434,1842,2802,5391,4495,2510,3133,4222,2128,5045,2191,1798,1471,2653,2370,4077,3488,3526,3618,1754,2825,1456,2706,1144,2255,1840,
ITGAM,eCD8,,10,14,9,15,13,14,6,26,15,13,19,32,25,13,49,41,175,38,18,16,11,531,208,14,31,60,7,64,11,11,50,16,134,296,48,25,34,11,2,7,78,24,22,7,21,22,1834,43,
ITGAX,eCD8,,10,10,9,4,14,9,12,8,22,18,7,21,15,21,76,90,72,12,16,5,1,36,21,2,14,107,10,68,14,1,16,26,8,68,6,3,5,7,8,2,12,1,2,3,8,7,291,10,
ITGB2,eCD8,,837,473,716,487,563,431,567,329,716,520,622,606,526,477,618,597,573,732,540,522,328,502,557,613,335,771,463,533,326,407,512,556,611,485,218,568,545,787,543,609,400,412,485,296,480,423,766,697,
ITPKB,Tfh,,5485,6388,5884,5584,7156,5041,4775,5113,4030,4112,6755,5795,5828,5087,5535,6512,11727,6616,10805,17954,5299,6317,7064,4670,7098,5769,5198,10646,8317,5609,8759,8479,8201,10084,13999,8129,5665,7683,10622,10959,10655,6823,10274,6469,8191,4930,7726,8143,
KLRB1,eCD8,,14,19,25,112,22,571,1008,367,845,397,3,1,8,258,32,25,45,6,1,2,1,1,1,1,2,36,1,37,3,1,2,5,1,26,1,1,1,2,1,1,6,1,1,3,10,2,237,20,
KLRD1,eCD8,,158,75,592,128,174,2558,4036,3870,23147,5102,139,66,88,2068,369,209,249,99,67,47,33,98,70,75,78,240,54,118,94,75,103,65,49,231,50,59,85,31,42,35,92,29,43,44,50,43,828,176,
KLRF1,eCD8,,12,10,1,7,10,9,12,8,1,2,11,14,25,11,5,9,8,12,4,7,3,9,2,1,5,31,9,20,8,1,5,4,1,7,1,1,1,9,1,5,3,7,7,5,4,2,6,18,
KLRK1,eCD8,,228,117,670,141,240,1169,1651,2052,10253,2912,133,102,101,653,187,172,118,158,106,131,124,4595,178,121,17123,244,118,118,141,110,116,126,95,96,73,127,2878,159,114,125,134,154,70,93,132,116,214,153,
KiT ligand,,,1,1,1,1,1,1,1,2,1,1,1,1,1,1,14,9,1,1,1,1,1,1,1,1,2,24,1,1,5,1,1,1,1,1,1,1,1,1,1,1,1,1,1,3,1,1,1,1,
LAG3,,,92,48,89,50,44,27,29,36,107,64,18,18,22,31,24,41,22,8,19,11,11,20,20,22,90,50,19,44,37,33,16,22,11,24,16,15,17,23,18,18,16,22,17,17,11,10,15,11,
LEF1,nCD8,,12291,18393,11908,15897,16535,18488,17189,19490,8071,15226,24969,25473,20368,24257,7074,14298,13138,12171,15226,14602,8524,6866,10227,13964,6489,10582,11095,11575,7404,10772,10435,11287,11950,9950,11073,14747,7547,15903,11194,13469,18142,7194,20374,14324,17842,11358,11594,16132,
LGALS1,Treg,,1029,410,1120,360,513,221,296,224,1495,732,258,218,282,207,2654,5680,2004,8239,4695,8872,7793,7290,14561,8363,2807,3864,4532,3185,6461,4848,6106,6812,6344,3907,4179,7063,6554,8809,7387,7605,6623,12516,5307,2947,7228,6941,5738,8513,
LGALS3,Treg,,35,442,211,235,272,45,88,33,50,11,59,96,384,54,2715,7693,3037,9544,6443,7238,14532,10522,12736,18703,470,2299,6540,3892,13152,13071,10769,10454,6923,2367,3329,2560,7248,6171,8189,7570,6600,7726,4259,7948,11911,6115,7912,9326,
LHFPL2,Tfh,,43,22,20,1,9,100,97,103,151,70,323,436,378,725,114,153,44,1501,205,714,100,2943,1109,265,1077,81,51,68,6,28,310,17,1052,1317,2094,811,1486,71,3,9,1027,993,802,188,263,1477,89,918,
LRP12,Th17,,1,1,1,1,1,6,5,2,8,3,2,2,1,1,1,11,1,1,1,1,1,1,1,1,5,1,1,13,1,1,1,1,5,1,1,1,5,7,1,4,1,11,1,1,3,17,1,1,
LYSMD4,Tfh,,192,181,205,164,202,168,169,148,208,185,291,273,255,210,112,173,115,149,141,257,142,116,229,271,188,178,138,159,69,107,158,128,181,145,187,171,159,157,96,128,198,194,257,178,223,179,109,167,
MCAM,nCD8,,38,49,37,70,70,60,50,51,44,56,25,39,49,54,83,118,52,51,54,57,38,46,53,55,54,108,52,79,67,73,63,58,49,60,52,40,83,41,55,37,38,63,36,65,56,51,52,51,
MYC,dTreg,,3648,2756,3535,2952,2145,3150,3091,2685,3695,4144,2463,3050,2478,2355,6136,3393,3323,3468,2290,2200,1044,2502,3107,1912,4079,4921,4251,3149,4722,3233,2335,4118,2064,1724,2273,1932,2298,3017,3760,5124,1838,6059,1269,2251,2240,1753,2194,3423,
MYO5A,eCD8,,420,440,439,399,343,486,374,437,416,334,441,481,408,403,680,561,622,579,425,683,404,673,393,430,727,703,941,518,598,563,536,629,781,649,810,694,1060,650,588,724,563,599,553,358,443,296,382,471,
MYO6,Tfh,,170,70,189,8,27,73,186,255,562,538,35,11,71,130,87,404,560,515,594,526,362,505,451,534,508,644,331,289,57,266,656,64,491,603,278,380,863,814,556,51,537,220,402,550,517,766,625,690,
MYO7A,Tfh,,1,2,1,1,7,5,5,2,1,1,27,24,2,1,9,31,7,1,4,1,1,1,1,1,4,53,1,32,1,1,1,1,1,1,1,1,1,1,6,1,1,1,1,3,1,4,3,1,
NAB1,Tfh,,1731,1465,1792,1424,1334,1249,1082,1211,1496,1332,1794,1871,1568,1132,1190,1546,1318,1588,1361,3437,2531,1281,1459,1550,1387,1526,1887,1332,2220,1837,1055,1891,1897,1148,1972,1601,1431,1997,1636,1466,1138,2795,1702,1294,1433,1468,840,1195,
NELL2,,,1,1,1,1,1,1,9,1,1,1,1,1,1,1,1,13,10,72,5,49,1,261,23,9,26,4,1,32,3,1,11,1,83,77,19,82,102,1,2,1,38,32,14,6,1,40,1,48,
NFATC1,Tfh,,2697,2168,2862,1984,2133,1409,1406,1362,1564,1410,1477,1423,1588,1575,1480,1683,1351,1704,1741,2118,1894,964,1744,1174,1149,1636,1354,1341,754,1473,1639,1563,1370,1806,1478,1346,981,1486,1457,1742,1703,2542,2351,1615,1708,1404,1501,2021,
NFATC2,eCD8,,2272,1463,2319,1596,1362,1609,1246,1348,2229,1683,961,944,952,868,3526,3333,3375,4350,4030,3531,2536,2914,3813,3199,2881,4372,3908,3107,3058,3698,4164,4001,4068,3533,3030,3884,3722,4282,3064,3713,3822,4646,4987,4183,3676,2062,2015,3223,
NFATC3,eCD8,,2644,2724,2841,2065,2475,2991,2972,3187,3229,3196,2907,3041,2779,3642,1573,2063,1774,1677,1990,1780,1820,1591,2782,3020,2019,1963,2351,1779,819,1786,1767,1798,1516,1461,2294,1781,2295,2852,1423,1182,1889,1960,1742,1333,2672,2327,1818,2644,
NFIA,Tfh,,323,512,316,429,454,453,398,432,230,234,445,390,353,399,167,371,208,163,222,288,71,266,223,221,240,451,233,279,158,237,282,277,363,310,194,274,355,343,278,178,317,110,310,287,363,221,198,231,
NINJ2,Treg,,311,489,343,580,509,436,505,528,310,351,321,269,295,325,330,444,415,334,368,395,447,325,321,361,354,298,408,438,527,463,454,350,365,333,328,376,503,404,374,360,328,419,296,521,381,431,405,301,
NOSIP,dTreg,,608,641,635,801,707,773,736,708,632,604,601,635,552,608,513,695,585,671,583,541,526,555,535,512,577,653,714,598,767,772,667,598,599,485,452,630,746,707,505,521,556,529,519,624,625,591,654,596,
NRP-1,,,1,10,8,12,26,11,5,2,6,5,19,43,23,54,40,37,87,108,3,9,2,14,16,1,12,56,4,22,11,2,12,7,12,8,4,4,2,93,58,7,2,7,10,5,4,9,46,5,
NTRK2,Th17,,77,96,67,49,40,3,1,2,44,8,11,3,19,1,25,15,1,16,1,813,1,1,3,3,3,91,1,8,14,1,1,10,2,2,1,1,3,4,3,1,2,1,11,1,2,35,7,794,
P2RX5,Tfh,,224,248,210,206,186,318,285,407,224,259,402,181,235,313,203,222,273,162,277,127,66,163,191,138,174,522,251,216,144,180,181,223,171,181,160,294,293,210,134,172,146,81,338,159,172,257,193,256,
PAK3,Th17,,18,11,7,1,4,8,12,1,3,4,18,29,10,45,9,31,11,11,9,8,12,2,5,28,3,15,5,9,5,2,12,10,12,4,2,3,4,8,5,6,8,1,5,11,5,6,2,7,
PASK,Tfh,,28,12,20,24,28,27,27,9,21,20,21,42,18,29,16,31,39,43,35,26,5,11,13,17,16,45,15,47,22,19,20,18,15,24,6,22,17,12,11,10,12,14,19,17,26,19,15,43,
PAX5,,,45,132,28,10,15,2,60,1,7,4,31,16,21,49,570,554,92,9,1,1,1,2,2,1,1,197,70,279,22,7,1,363,1,9,1,1,2,1,3,49,15,2,4,1,6,2,16,5,
PDCD1,Tfh,,134,185,123,259,220,20,34,15,19,6,97,77,111,32,31,18,28,6,1,13,3,3,1,2,3,16,1,2,6,1,2,1,1,6,2,1,1,1,1,1,1,4,1,1,1,1,9,3,
PDCD1LG2,,,8,7,2,7,14,14,5,13,1,6,11,13,6,4,8,15,2,13,9,14,11,18,5,2,7,33,2,14,4,5,6,4,6,28,7,1,24,10,9,2,3,2,12,6,1,10,12,10,
PECAM1,nCD8,,10,42,31,12,13,21,19,13,9,10,22,16,23,13,304,255,56,4227,1275,2346,345,9267,4500,1022,4000,531,12,55,14,1,1236,118,4539,3933,5402,2376,7968,7,5,1,2737,3271,3637,688,606,4069,163,2802,
PIK3R6,Th17,,582,863,671,824,756,751,821,813,432,528,707,722,657,624,495,874,526,725,355,601,586,471,912,653,344,826,648,500,574,966,791,682,504,634,326,615,743,842,527,387,600,785,342,561,388,537,578,620,
PIM1,dTreg,,1605,1042,1688,1069,900,795,818,667,1667,1285,774,1042,845,920,1968,2311,2266,3580,2382,2868,2904,2666,2282,2972,1337,1639,1585,1597,2366,1729,1879,1965,2151,1932,4484,2779,1502,2606,1652,3183,3194,4685,1348,1820,2696,2169,2231,3336,
PITPNC1,dTreg,,3287,3819,3719,3298,3002,2745,2702,2215,3120,2332,3206,2904,3307,3651,2162,1767,2468,2768,2706,2403,1263,3093,2282,1743,3062,1035,839,1717,800,1016,2182,1812,2934,3141,2702,2547,2662,2093,1612,1282,3320,1985,2956,2298,2407,1815,1921,2213,
PLD1,Th17,,1,1,1,1,3,1,5,2,1,1,1,1,1,3,9,2,41,1,1,2,1,156,41,1,2,6,1,1,1,1,5,1,36,65,5,5,2,1,1,1,9,2,1,1,1,4,352,3,
PPARG,Th17,,13,6,1,1,19,10,11,2,4,1,1,24,18,5,19,36,32,29,18,30,120,30,36,216,17,14,8,68,31,4,9,17,13,22,21,6,16,13,7,21,14,22,15,8,9,15,15,33,
PRF1,eCD8,,133,107,177,100,106,260,337,268,864,454,90,78,76,123,76,105,107,70,76,63,50,71,89,72,206,87,87,94,81,86,98,72,89,75,51,77,134,76,70,56,72,71,76,78,70,86,93,80,
PRKCA,nCD8,,268,828,404,549,544,249,334,197,220,197,523,439,505,284,205,191,228,359,170,285,102,373,287,212,390,206,161,206,127,110,187,185,363,329,245,199,441,112,125,116,277,237,197,132,150,398,99,261,
PTPN13,Th17,,129,45,411,93,67,12,15,6,351,69,15,7,13,1,28,69,225,98,58,1649,5,759,472,15,1050,49,18,264,6,32,725,6,14,19,16,1,1482,705,22,48,70,1630,10,38,47,396,16,508,
PTPRC a,,,6147,6341,5701,4721,3586,11793,7335,7571,7337,9804,4885,4183,4688,6388,944,725,3033,452,108,127,109,255,164,91,1921,357,136,553,229,141,117,563,157,224,2206,97,164,123,101,165,256,153,86,182,129,141,507,6752,
PTPRC b,,,56550,40627,53040,43540,42163,47573,38448,39985,49154,53218,43576,39992,41038,36194,3231,2061,9073,517,26,46,7,1019,459,11,4405,1248,46,1362,38,16,80,825,356,728,6784,51,146,20,2,73,317,93,34,14,16,97,3922,8067,
PTTG1,,,1371,2013,1634,2402,1985,1839,2043,2072,1549,1482,1421,1770,1616,1543,1548,1914,1793,1767,1476,1800,1720,1455,1552,1475,1493,1242,1630,1738,2246,1839,1700,1580,1714,1490,1299,1544,2149,1630,1626,1690,1686,1929,1365,2097,1676,1876,1774,1564,
RAB27A,eCD8,,2455,1755,2439,1846,1986,1806,1723,1706,3163,2129,2392,2627,2106,1698,3435,3295,2589,5712,4935,3261,2522,8110,6634,6066,4195,4780,4738,2773,3611,3756,5159,3854,6205,6068,4957,5642,5064,3733,2565,2596,4876,3817,5415,7048,4503,6014,3463,4004,
RABGGTA,eCD8,,79,78,80,51,68,49,73,47,72,77,66,89,84,67,66,79,62,104,86,71,76,43,72,54,83,100,57,102,49,82,74,105,78,68,59,90,70,55,77,75,67,65,88,54,86,85,49,123,
RBMS1,dTreg,,5241,5925,5184,5595,5292,5022,5072,4426,4640,4424,5379,5174,5456,4896,4357,5790,4887,5231,5345,5610,6055,4655,5834,5527,4136,4062,4797,4334,2946,4264,5272,5273,5315,4535,4698,4972,4032,5680,3768,3897,5539,6339,5050,3430,5735,4236,4194,5657,
REL,,,1398,1977,1446,1752,2057,2259,1801,1812,1518,1604,2046,1916,1738,1837,1135,1074,823,737,898,4812,5113,814,890,684,887,1162,1174,904,4453,999,662,1112,854,798,2939,927,1474,1058,1495,1300,753,8400,1789,1320,966,1344,875,836,
RORC,Th17,,19,24,22,17,26,8,9,2,7,6,10,54,45,56,4,26,14,1,2,1,1,1,2,15,6,14,1,38,5,2,1,1,1,1,1,1,1,1,1,1,1,1,1,1,1,1,3,2,
S100A10,Treg,,83,71,92,65,110,60,72,80,80,84,63,69,63,35,154,226,166,595,668,718,452,780,809,667,211,185,130,185,165,312,614,259,639,426,309,349,753,401,269,218,745,970,612,621,550,507,430,1110,
S100A4,Treg, Th17ntr,,24471,18738,309,1666,999,25453,216,2434,1026,207,217,914,1322,582,1287,25200,8041,32014,21934,32400,1272,13359,20154,36455,1027,40683,2407,11590,39080,21086,979,24865,27483,25797,7244,21813,9001,21977,26707,557,32480,29436,25189,834,22617,40737,17882,5827.06
SARDH,Tfh,,7,5,3,1,3,1,1,8,1,4,1,1,1,7,1,2,6,3,4,2,1,1,1,1,4,8,1,1,8,5,6,5,8,7,1,1,8,8,5,1,1,9,10,5,3,1,1,6,
SATB1,dTreg,,9597,14327,9139,12750,12649,15895,15874,17055,9774,12173,37771,38007,37659,24537,9020,9085,11925,7425,8592,8605,3623,7228,5371,3146,8284,5406,6916,9760,6820,7449,7507,7731,8071,10007,11823,10943,6695,8493,7156,8595,8798,5281,8965,8642,8316,5260,8353,6325,
SDC4,Treg,,86,67,100,51,59,25,26,17,51,63,69,112,70,32,203,77,47,15,17,370,16,1,7,7,5,95,1,76,46,1,6,25,17,8,1,1,131,26,22,15,7,19,6,11,1,4,12,6,
SELL,nCD8,,4859,9591,5410,9489,11396,12514,10983,12797,6286,8210,10042,9634,8246,10785,5346,10429,10729,4540,1119,3790,11,6320,2122,11,6245,5526,3928,9202,4426,5741,4046,5136,10685,2206,815,9108,5548,7281,3485,3533,6518,31,632,3100,4874,5980,8620,1916,
SHF,Th17,,17,6,16,9,13,7,9,11,8,7,31,43,19,13,5,9,19,16,14,5,11,14,17,7,18,8,1,32,1,1,7,11,9,12,9,8,9,15,1,2,9,11,6,3,4,12,8,6,
SHMT2,Treg,,228,119,189,123,92,113,71,101,271,240,110,229,111,96,275,184,162,227,197,93,96,194,168,189,240,164,275,223,124,204,170,207,133,80,106,144,159,306,181,211,165,42,74,63,171,123,228,253,
SLAMF1,Treg,,2075,932,2052,1776,970,1567,521,654,1272,950,1248,1051,1253,953,547,1432,1275,1592,851,536,402,936,1432,923,922,2226,1679,952,746,1505,464,1220,593,312,1038,1415,676,1592,258,515,703,1302,832,325,1145,715,429,1133,
SLC40A1,dTreg,,115,36,105,44,60,19,24,35,40,47,67,98,55,59,108,65,81,311,116,198,66,2046,334,117,224,340,40,41,75,43,151,55,207,200,382,400,294,42,33,29,198,270,269,68,55,423,248,361,
SMAD1,Tfh,,52,25,47,27,64,30,23,2,9,17,91,72,40,37,67,57,44,51,18,149,700,15,51,398,14,124,7,60,40,28,16,17,15,16,22,32,15,41,8,15,16,4,10,55,15,24,23,29,
ST8SIA1,Tfh,,1,1,1,1,3,1,5,2,1,1,1,1,1,1,15,23,7,1,5,1,1,2,1,1,1,31,1,27,17,1,1,1,3,3,1,1,7,2,1,1,1,7,1,1,1,1,1,1,
STAT4,dTreg, Th1,,598,867,2206,1552,1488,1033,1847,1956,1570,1747,2591,2040,1602,1914,2530,1412,464,655,2863,843,1356,2439,519,656,2117,1401,1907,1234,650,953,1590,545,892,900,790,762,442,623,2188,925,725,354,1270,420,660,702,589,1567.01
STAT6,Th2,,2257,1740,2127,1687,1788,2045,2108,2161,2561,2334,2066,2196,2087,2211,1799,1962,1825,2224,2062,2348,1763,1934,2891,2316,2119,2803,1724,2349,1487,1978,2032,2304,2086,2078,2163,2202,1936,2068,1345,1662,2208,2497,1948,1411,2290,1889,2073,3130,
TBX21,Th1,,808,194,849,222,215,227,439,279,2446,801,109,78,189,158,755,327,711,551,28,6,11,601,18,26,808,41,283,300,21,67,24,10,30,55,11,16,517,7,32,30,15,5,14,11,10,4,324,55,
TCF7,dTreg,,25931,20862,24976,19064,20041,17048,17485,17265,15681,18530,22815,24928,21521,23438,14379,14895,18154,14354,19717,16634,7088,15458,11256,12057,20214,13673,10928,17998,7421,9767,18165,16821,19036,17113,15349,20499,14479,17716,12486,11684,21770,5657,16453,9205,17978,8243,15105,19497,
TFRC,Treg,,672,1272,719,1039,934,925,869,981,719,719,1162,1815,1248,1334,1467,454,541,374,427,2311,1226,624,432,607,405,329,300,476,2528,280,527,349,557,671,779,281,581,329,1966,1082,398,2015,885,1522,363,1283,471,381,
TGFBR1,nCD8,,3049,2643,3088,2581,2542,3141,2841,3019,3719,2624,2461,2522,2355,2076,1990,3245,3132,3049,2587,2959,2968,2654,2222,2324,2665,4570,4236,2645,2434,3413,2437,2701,2340,4429,4218,2984,3010,3355,1732,1381,2173,3804,3832,3576,2245,1241,1574,2736,
TGFBR2,nCD8,,4225,5477,4198,5649,6752,5632,4006,5147,3575,4710,5804,5199,4837,4474,1673,4364,2530,3185,3663,3996,2803,3301,4242,3229,2350,3248,2701,3331,1505,3164,2860,3518,3955,3535,3429,4781,2549,3620,2328,2216,4141,4247,3498,3217,3905,1168,2234,2671,
TGFBR3,nCD8,,308,273,288,273,444,1021,969,506,1525,858,443,422,524,675,415,466,310,219,1171,1358,977,1486,1667,1563,1665,2888,2627,894,828,1058,2897,1434,2637,4279,876,1349,3441,442,760,821,1342,1459,850,1209,406,790,514,2282,
TGFb,Treg,,2530,796,2546,932,927,1260,1099,1131,3559,2901,903,874,883,1008,3370,2866,2541,4064,4132,4895,3177,4323,4163,4572,3998,3188,2655,2622,3484,2995,4188,3610,5555,4335,3258,4988,4874,3451,3520,2981,4799,3238,3917,1948,4025,2555,3285,4930,
TIAF1,Treg,,478,425,440,349,412,516,524,474,479,482,801,586,531,545,428,616,327,527,510,684,555,483,681,657,451,595,443,428,308,485,636,663,706,593,472,648,606,698,458,355,563,1081,773,551,488,738,356,780,
TIMP1,Th17,,73,49,85,97,74,97,148,94,66,36,38,65,47,103,440,236,74,9901,3049,7102,794,16597,8877,1674,7061,123,128,331,207,73,3979,210,5834,6686,14343,6818,8697,721,555,38,4548,5351,10556,1710,1170,15747,513,9043,
TIMP4,Th17,,448,172,282,155,227,118,126,94,232,341,170,199,173,81,72,41,30,31,25,37,5,5,25,31,81,68,97,48,19,35,25,23,42,17,6,20,16,27,13,19,19,4,13,19,31,23,12,17,
TMOD1,Th17,,36,7,10,21,33,23,7,9,6,50,127,7,4,9,7,17,24,16,14,12,6,333,8,9,10,13,4,32,11,6,25,9,16,19,19,33,2,10,1,13,12,4,5,4,7,4,6,57,
TNF,,,404,531,465,706,382,699,544,383,410,189,313,435,546,466,932,733,1293,636,467,1003,3211,348,547,514,506,1397,925,615,9515,1162,359,811,524,638,1078,241,3727,1147,1461,1908,428,21333,1781,911,323,1225,291,350,
TNFR1,eCD8,,912,527,702,562,513,700,672,694,890,902,698,622,609,651,558,544,651,608,563,554,626,676,619,541,465,923,599,717,282,563,508,760,600,532,1040,849,530,607,357,328,621,365,495,313,521,448,962,601,
TNFRSF1B,Treg,,922,521,926,582,578,197,259,224,563,376,386,436,425,241,2378,692,1366,870,663,5779,4866,721,951,1456,146,846,521,1177,3519,728,1005,879,461,3185,2977,529,542,1383,3277,2610,671,3283,772,2185,513,638,574,761,
TNFRSF7,nCD8,,3062,3827,3102,4192,3604,4045,4249,3971,3183,3328,3011,2879,3155,3087,2543,3521,3045,2820,2583,2587,2720,2270,2647,2536,2256,2564,3479,2713,3681,3872,2920,3138,2898,2271,2023,3284,3683,3449,2577,2757,2893,2993,2477,3387,3158,3020,3006,2410,
TNFSF10,eCD8,,9828,2399,9077,3226,3460,2745,1685,1836,7979,7185,3032,3636,2859,1990,3895,6434,4291,3969,2868,2487,3085,3352,5134,5094,3409,4953,6989,3373,2234,4421,1889,5066,1752,850,1233,2937,1997,5395,2511,1885,2311,3846,1580,1103,5444,3101,2896,2908,
TNFSF5,Th2,,2350,1129,2164,708,652,2,24,13,170,78,998,732,936,39,1672,3379,2013,2199,1243,1669,1235,1255,2332,1577,297,2404,2760,2233,2872,2404,792,2703,1188,1080,2914,2491,651,3370,1113,1468,2919,1764,2074,1338,2128,1249,1117,1901,
TOX,Tfh,,1109,1709,919,1306,1452,894,1009,954,737,902,2716,2355,2280,2203,69,265,110,342,15,305,1005,17,265,1196,375,293,12,87,30,40,56,66,53,14,23,159,44,320,9,18,12,395,13,139,163,215,26,121,
TP53INP1,Treg,,134,691,152,492,373,319,329,353,105,95,665,1012,910,1478,203,256,227,191,196,303,168,135,176,168,421,514,327,232,276,164,346,160,392,339,364,251,319,129,278,310,249,194,557,526,161,434,288,152,
TRAF1,Treg,,491,406,625,378,457,309,382,436,668,395,441,577,532,372,685,811,873,2086,431,1569,1081,766,1000,628,598,1706,802,771,497,471,572,602,970,839,653,812,931,595,584,203,333,1636,569,394,702,604,342,1385,
TRIB1,Treg,,360,945,431,912,666,143,183,94,139,91,669,816,641,404,526,260,371,199,158,388,347,186,371,249,162,261,37,246,1695,62,185,184,258,392,130,27,147,171,738,976,301,1597,112,323,103,70,964,185,
TRIM8,Tfh,,808,657,728,636,707,504,636,640,573,475,489,444,543,479,787,767,832,1099,755,760,1894,1129,943,1032,535,1094,696,628,530,771,971,738,723,1015,785,690,1040,754,832,980,832,790,1239,932,772,578,831,1054,
TRPS1,Tfh,,671,748,594,673,786,363,474,400,378,361,678,450,633,508,78,222,285,124,100,201,591,172,129,641,663,86,7,155,14,123,166,114,12,143,9,11,58,218,105,18,347,438,193,96,194,60,87,133,
XBP1,dTreg,,3677,4871,3802,4121,3807,4458,5190,5095,4165,3687,2388,3379,3187,3442,6680,5100,4202,5592,5206,14662,23194,3488,6598,9041,4780,4080,3532,3942,9413,4777,6659,5217,4368,7028,14428,4009,5845,4726,12352,10573,5889,17731,9429,10945,5165,6488,6339,5721,
ZC2HC1A,Tfh,,346,400,374,247,301,184,278,134,311,227,238,268,334,362,288,834,549,656,861,606,482,799,773,679,348,724,315,602,261,406,689,504,510,550,438,476,374,910,514,280,483,466,806,870,805,1334,538,1059,
bcl-2,,,3847,3686,3871,3591,4257,2975,2511,3586,2787,2734,3780,2962,3099,4291,3420,6595,2724,2941,4228,1317,2032,1962,2996,5104,2898,5051,3072,2503,1674,3666,2430,4158,2341,2304,903,4326,2482,6554,2899,3130,4265,671,4907,5363,5299,3132,3846,3647,
ABCF1,,,1847,1304,1659,1038,1068,1284,1099,1124,1727,1761,1430,1610,1310,1252,1156,1166,1188,1532,999,521,409,907,1182,995,1392,1731,1327,1081,662,1295,830,1295,775,818,743,980,880,1337,825,918,1080,374,814,443,1096,967,1126,1403,
ALAS1,,,1291,1464,1119,1039,1131,1158,1249,1348,935,1300,854,1022,1002,983,632,689,615,765,466,1486,1577,601,674,614,470,909,672,652,1596,685,415,653,519,1329,1448,702,784,717,1006,943,497,2438,1197,636,570,936,746,956,
EEF1G,,,16096,19643,16138,21376,21529,22618,23128,24158,16672,17186,17044,16853,17018,17400,21139,15856,17523,14764,16816,17133,15743,14927,14245,16400,20462,13221,20147,19652,22612,17515,15253,13989,16322,13773,14794,14498,21929,14085,18396,17577,14495,14312,12967,14389,13586,17112,16844,12890,
G6PD,,,280,168,240,185,169,218,237,172,285,246,287,314,286,185,288,346,220,355,260,233,159,336,274,201,553,309,278,257,191,251,265,269,335,326,168,278,220,243,260,274,238,169,231,135,258,188,615,303,
GAPDH,,,6751,4644,7638,5068,5716,3529,4113,3263,7433,4900,7143,9872,7542,4725,17364,14398,14874,13971,16768,26970,13931,21962,18719,13534,11921,9952,17587,18937,24710,18112,17254,20597,13889,16097,15993,12290,16369,16736,21404,25248,15838,18809,14888,11047,13079,10354,27904,14704,
GUSB,,,1435,1082,1152,1100,1188,1299,1173,1066,1220,1403,1318,1264,1292,1325,1048,1140,1283,1316,1112,1087,1284,1748,1319,1413,1383,2266,1317,1380,761,1112,1121,1115,1215,1388,1249,1125,1229,1276,992,1180,1180,1074,1468,1002,1194,1616,1267,1793,
HPRT1,,,963,928,1032,805,893,930,891,882,1110,1143,979,1046,978,952,1246,1190,1046,1007,1252,2036,1306,1163,1454,1064,1026,776,954,779,1350,1036,1273,1249,1374,1069,1798,1120,1572,1039,1330,1203,1101,1304,1415,957,1095,992,1395,899,
OAZ1,,,2158,1982,2126,1970,2304,1546,2149,1904,2109,1927,1940,2113,2030,1638,2614,2270,2264,2403,3164,5870,6685,3357,2780,2805,2209,1927,2254,2126,4716,2630,3085,2703,3701,3095,4235,2620,3634,2403,4267,4621,2298,5472,3804,2718,2790,3167,4103,2406,
POLR1B,,,576,501,623,656,678,712,455,519,711,573,634,916,565,541,455,455,394,551,424,363,300,340,562,486,475,597,487,640,336,362,361,519,346,254,584,299,341,610,356,343,421,421,292,175,322,445,342,580,
POLR2A,,,1869,1506,1928,1357,1233,1235,1295,1227,1701,1375,2028,2068,1775,1851,1792,1741,2067,2296,1842,1679,1925,1754,1715,1965,1534,2113,1730,1788,1542,1654,1535,2025,1613,1915,1316,1854,1099,1970,1894,1607,2133,2459,2451,2154,2015,1276,1409,2354,
PPIA,,,47,167,46,92,75,156,181,121,45,45,81,148,130,123,90,72,117,146,72,168,87,65,102,88,97,135,84,106,108,78,107,67,79,171,104,64,76,118,168,177,92,202,96,97,77,66,57,149,
RPL19,,,92742,147878,103472,180304,144230,147304,156512,161417,99511,106279,91826,88964,106817,108040,103174,136381,119296,109863,106757,117396,131740,97559,104567,99658,102140,77040,121041,109802,176169,142542,127623,111698,112729,103778,97453,116577,157103,127177,116140,112643,114202,137603,103410,159055,118532,134552,132488,89832,
SDHA,,,2893,2539,2914,2411,2745,2245,2278,2481,2921,2771,2723,2720,2736,2540,2186,2185,1924,2259,2424,1492,1666,2148,2276,2310,2451,2947,2107,2690,1767,2345,2618,2531,2250,2746,2619,2825,1526,2385,2090,2470,2431,1645,1634,2360,2629,2367,2007,2539,
TBP,,,705,837,732,714,808,900,943,925,801,822,826,940,843,1005,709,650,696,673,813,1810,1337,559,816,748,775,706,678,635,692,648,868,727,1003,881,1793,666,787,656,1070,840,762,1355,1298,1169,821,1081,1032,658,
TUBB,,,4268,1885,3743,2195,2518,2156,1825,2150,3400,3511,3784,4702,3144,2600,2321,2812,1641,2065,1793,1690,843,1697,2396,2333,1626,3003,2762,1905,1321,2930,1248,2657,1496,1186,1362,2264,1400,2744,1744,1468,2341,1231,1818,985,2325,1319,1902,2416,
NEG_A,,,5,1,1,7,4,2,1,3,12,1,1,2,1,1,7,1,1,1,1,2,1,1,1,1,5,4,1,1,7,1,1,4,1,2,7,1,2,3,1,2,2,6,4,4,2,1,1,1,
NEG_B,,,1,5,9,1,3,9,1,1,1,2,1,1,9,2,1,3,6,3,8,3,1,6,1,3,10,2,5,7,1,10,4,4,4,4,1,1,2,6,2,2,6,2,1,1,7,6,11,2,
NEG_C,,,5,1,1,1,1,1,1,1,1,1,1,1,1,1,1,1,1,1,1,1,1,1,1,1,4,1,1,1,1,1,1,1,1,1,1,1,2,1,1,4,1,1,3,3,1,1,2,1,
NEG_D,,,1,1,1,1,1,1,1,1,1,1,1,1,1,1,1,1,1,1,1,1,1,1,1,1,3,2,1,1,1,1,1,1,1,3,1,1,1,1,1,1,1,1,1,1,1,1,1,1,
NEG_E,,,4,2,1,5,6,1,1,4,4,1,7,1,4,6,10,3,3,4,5,7,6,1,3,5,4,1,2,1,7,2,7,2,7,2,3,1,10,4,1,2,1,1,1,1,1,1,1,10,
NEG_F,,,6,6,3,1,7,3,8,3,11,4,8,1,1,3,1,3,2,1,1,1,1,2,1,1,4,1,1,3,1,1,1,2,2,1,1,1,2,3,8,1,3,5,1,1,1,5,1,3,
NEG_G,,,1,1,1,1,1,1,1,1,1,4,2,1,3,4,1,1,1,1,1,1,3,1,1,1,1,1,3,1,1,3,1,2,1,5,1,5,1,1,1,1,1,1,1,1,1,1,1,1,
NEG_H,,,4,1,1,6,3,1,1,1,6,4,5,6,1,1,3,1,4,1,5,1,2,1,1,5,1,5,1,5,7,1,8,2,1,3,3,1,1,4,3,1,7,1,3,1,1,1,2,1,
POS_A,,,40067,34821,35079,27163,26135,34269,30661,39031,32246,35785,35098,36346,33965,32144,39996,29091,31883,33287,27162,38678,33070,31850,50013,27790,40003,27390,35990,29784,28690,33264,30181,42659,34821,35490,32719,38530,32761,39429,35490,33936,33029,42335,39735,29524,34099,37839,30355,31574,
POS_B,,,12768,11216,11534,9340,8840,11301,10749,12505,10616,11401,11553,11528,10944,10398,12851,9755,11291,10951,9207,12432,11208,10618,15449,9533,12893,9462,11991,10425,10131,11371,10361,13600,11271,11877,10999,12621,11028,12809,11847,11459,10658,12670,12415,9965,11420,12448,10316,10452,
POS_C,,,4297,3890,4049,2950,2872,3801,3407,4106,3543,3957,3637,3815,3727,3475,4301,3309,3564,3668,2996,4193,3676,3579,5336,3237,4256,3111,4211,3362,3316,3520,3437,4624,3770,4046,3618,4176,3885,4215,4282,3832,3563,4509,4147,3206,3973,4231,3370,3477,
POS_D,,,996,846,852,644,652,822,806,956,772,870,819,844,785,739,1012,717,851,862,659,972,857,794,1142,687,945,718,893,730,742,817,764,1044,829,892,831,928,802,1013,886,857,804,1014,923,805,862,950,739,746,
POS_E,,,150,148,122,89,91,104,97,126,103,141,108,135,125,99,131,87,110,119,76,140,137,107,170,97,140,101,127,111,107,123,111,150,113,122,104,114,119,130,119,111,125,171,138,118,117,129,115,125,
POS_F,,,66,45,41,53,59,60,59,49,61,53,65,64,58,44,45,44,63,72,39,53,45,44,66,48,56,42,47,41,43,53,58,47,53,60,48,45,40,45,39,48,41,70,57,37,48,61,55,52,